"country","1","2","3","4","5","6","7","8","9","10","11","12","13","14","15","16","17","18","19","20"
"ABW",0.110663,0.11508952,0.119693101,0.124480825,0.129460058,0.13463846,0.140023999,0.145624958,0.151449957,0.157507955,0.163808273,0.170360604,0.177175028,0.18426203,0.191632511,0.199297811,0.207269724,0.215560513,0.224182933,0.23315025
"AGO",19.081912,24.780202,30.801122,36.75289,42.334143,47.24256,51.134116,53.886633,55.474693,56.051881,56.63507437,57.22433559,57.81972779,58.42131477,59.02916098,59.64333155,60.26389226,60.89090962,61.5244508,62.16458367
"ALB",3.204284,3.29371,3.290159,3.17921,2.989747,2.761793,2.501779,2.230411,2.006576,1.863359,1.863359,1.863359,1.863359,1.863359,1.863359,1.863359,1.863359,1.863359,1.863359,1.863359
"ANT",0.200689,0.211886,0.212869,0.207232,0.198053,0.183911,0.169747,0.158957,0.151169,0.146957,0.146957,0.146957,0.146957,0.146957,0.146957,0.146957,0.146957,0.146957,0.146957,0.146957
"ARE",7.51169,9.173792,10.488999,11.517642,12.152082,12.172369,11.738102,11.241676,10.830874,10.357189,10.357189,10.357189,10.357189,10.357189,10.357189,10.357189,10.357189,10.357189,10.357189,10.357189
"ARG",40.412376,43.856032,46.760789,49.018513,50.559806,51.296365,51.29106,50.778148,50.033284,49.201392,49.201392,49.201392,49.201392,49.201392,49.201392,49.201392,49.201392,49.201392,49.201392,49.201392
"ATG",0.08871,0.097396,0.104643,0.109344,0.111577,0.112221,0.112023,0.111177,0.109655,0.107988,0.107988,0.107988,0.107988,0.107988,0.107988,0.107988,0.107988,0.107988,0.107988,0.107988
"AUS",22.268384,25.240636,27.771432,29.768492,31.385363,32.659704,33.661984,34.54086,35.289354,35.908431,36.5383684,37.17935671,37.8315898,38.49526495,39.17058287,39.85774781,40.55696761,41.26845374,41.99242138,42.72908951
"BEL",10.712066,11.001434,11.241701,11.435559,11.587473,11.721217,11.904944,12.143734,12.384683,12.587574,12.79378884,13.00338199,13.21640877,13.43292544,13.65298919,13.8766581,14.10399125,14.33504867,14.56989137,14.80858136
"BEN",8.849892,11.522543,14.629754,18.090839,21.734471,25.397256,28.903802,32.050936,34.692601,36.751601,38.9328023,41.24345753,43.69124976,46.28431804,49.03128449,51.94128292,55.02398928,58.28965373,61.74913482,65.41393552
"BGD",148.692131,167.256052,181.863468,190.933715,194.352619,192.38432,185.934189,176.611601,166.44958,157.134115,157.134115,157.134115,157.134115,157.134115,157.134115,157.134115,157.134115,157.134115,157.134115,157.134115
"BGR",7.494332,7.000622,6.45505,5.935025,5.459131,4.986412,4.591869,4.335742,4.197668,4.130718,4.130718,4.130718,4.130718,4.130718,4.130718,4.130718,4.130718,4.130718,4.130718,4.130718
"BHR",1.261835,1.507942,1.65425,1.75788,1.801018,1.765803,1.702782,1.658415,1.627036,1.580237,1.580237,1.580237,1.580237,1.580237,1.580237,1.580237,1.580237,1.580237,1.580237,1.580237
"BHS",0.342877,0.382621,0.414859,0.434412,0.445096,0.450178,0.450792,0.448802,0.447835,0.449346,0.450862098,0.452383312,0.453909658,0.455441154,0.456977817,0.458519665,0.460066715,0.461618985,0.463176492,0.464739255
"BIH",3.760149,3.647448,3.472592,3.237388,2.952349,2.665203,2.391243,2.152186,1.982423,1.877081,1.877081,1.877081,1.877081,1.877081,1.877081,1.877081,1.877081,1.877081,1.877081,1.877081
"BLZ",0.311627,0.376863,0.438824,0.489917,0.529221,0.557025,0.572171,0.574658,0.566956,0.554665,0.554665,0.554665,0.554665,0.554665,0.554665,0.554665,0.554665,0.554665,0.554665,0.554665
"BMU",0.064941,0.066106,0.066582,0.065889,0.064662,0.064081,0.064177,0.064413,0.064811,0.065422,0.06603876,0.066661335,0.067289779,0.067924147,0.068564496,0.069210882,0.069863361,0.070521992,0.071186832,0.071857939
"BRA",194.94647,210.433295,220.491888,224.431018,222.843309,216.886116,207.906045,197.206348,186.678145,177.348802,177.348802,177.348802,177.348802,177.348802,177.348802,177.348802,177.348802,177.348802,177.348802,177.348802
"BRB",0.273331,0.278973,0.280693,0.275311,0.264477,0.252707,0.242048,0.232911,0.226512,0.223363,0.223363,0.223363,0.223363,0.223363,0.223363,0.223363,0.223363,0.223363,0.223363,0.223363
"CAN",34.016593,37.162845,39.849523,41.881923,43.641505,45.101416,46.271385,47.206375,47.90551,48.289649,48.67686829,49.06719256,49.46064673,49.85725587,50.2570453,50.66004051,51.06626721,51.47575131,51.88851894,52.30459642
"CHL",17.113688,18.53997,19.53585,20.023644,20.058849,19.712657,19.151559,18.475133,17.773873,17.184738,17.184738,17.184738,17.184738,17.184738,17.184738,17.184738,17.184738,17.184738,17.184738,17.184738
"CHN",1318.173029,1363.827182,1369.020485,1337.406417,1273.231328,1190.617034,1106.460586,1030.032454,967.5457364,924.7921245,924.7921245,924.7921245,924.7921245,924.7921245,924.7921245,924.7921245,924.7921245,924.7921245,924.7921245,924.7921245
"CIV",19.7378,24.503318,29.822792,35.301261,40.673593,45.562624,49.623328,52.766217,55.010983,56.412331,57.84937689,59.32303005,60.83422299,62.38391202,63.97307778,65.60272589,67.2738876,68.98762044,70.74500885,72.54716491
"CMR",19.598889,24.117381,28.811094,33.693886,38.472407,42.870959,46.686795,49.791197,52.123049,53.692562,55.30933569,56.97479316,58.69040036,60.4576674,62.27814983,64.15345006,66.08521875,68.07515625,70.12501413,72.23659669
"COD",65.965795,85.05427,105.956285,127.440681,148.522753,167.979654,184.539067,197.494991,206.632626,212.112822,217.7383607,223.5130969,229.4409874,235.5260941,241.7725866,248.1847452,254.7669635,261.5237517,268.4597397,275.5796802
"COG",4.042899,5.002953,6.169093,7.46227,8.801176,10.124697,11.389317,12.52658,13.481304,14.224263,15.00816671,15.8352716,16.70795852,17.62873948,18.60026499,19.62533158,20.70688991,21.84805328,23.05210652,24.32251552
"COL",46.294841,52.185377,56.85609,60.058209,61.764353,62.366519,62.08975,61.118901,59.701431,58.136886,58.136886,58.136886,58.136886,58.136886,58.136886,58.136886,58.136886,58.136886,58.136886,58.136886
"COM",0.73475,0.933326,1.160261,1.425967,1.70013,2.001749,2.305455,2.58787,2.837466,3.046901,3.271794518,3.513287556,3.772605334,4.051063507,4.350074839,4.671156368,5.015937111,5.386166318,5.783722357,6.210622236
"CPV",0.495999,0.544419,0.588297,0.61814,0.632094,0.629878,0.611923,0.581637,0.548489,0.519725,0.519725,0.519725,0.519725,0.519725,0.519725,0.519725,0.519725,0.519725,0.519725,0.519725
"CRI",4.658887,5.272365,5.693562,5.928596,6.001065,5.932118,5.759707,5.514009,5.248166,5.019237,5.019237,5.019237,5.019237,5.019237,5.019237,5.019237,5.019237,5.019237,5.019237,5.019237
"CUB",11.257979,11.172971,10.983124,10.555973,9.898393,9.111195,8.388159,7.824182,7.360055,7.022025,7.022025,7.022025,7.022025,7.022025,7.022025,7.022025,7.022025,7.022025,7.022025,7.022025
"CYP",1.103647,1.21816,1.301376,1.34399,1.347448,1.326693,1.287674,1.244067,1.21063,1.192062,1.192062,1.192062,1.192062,1.192062,1.192062,1.192062,1.192062,1.192062,1.192062,1.192062
"DEU",82.302465,80.987688,79.469449,77.304593,74.781359,72.371401,70.88608,70.228268,70.144993,70.391881,70.63963797,70.88826696,71.13777105,71.38815331,71.63941684,71.89156473,72.14460011,72.39852609,72.6533458,72.90906241
"DJI",0.888716,1.065935,1.262971,1.447373,1.619732,1.743471,1.831558,1.88947,1.91944,1.923161,1.926889213,1.930624654,1.934367337,1.938117275,1.941874482,1.945638973,1.949410762,1.953189863,1.95697629,1.960770058
"DMA",0.067757,0.067879,0.068815,0.06738,0.064847,0.062585,0.060263,0.057702,0.055179,0.053437,0.053437,0.053437,0.053437,0.053437,0.053437,0.053437,0.053437,0.053437,0.053437,0.053437
"DNK",5.550142,5.735559,5.885446,5.938192,5.919903,5.910413,5.926231,5.954021,5.986421,6.032061,6.078048956,6.12438752,6.171079366,6.218127187,6.265533696,6.313301629,6.361433741,6.409932809,6.458801629,6.508043022
"DOM",9.92732,11.121404,12.059752,12.67864,12.942018,13.075309,13.069641,12.897183,12.596645,12.230609,12.230609,12.230609,12.230609,12.230609,12.230609,12.230609,12.230609,12.230609,12.230609,12.230609
"DZA",35.468208,40.180358,43.475065,45.490264,46.52156,46.165906,44.743307,43.06509,41.492436,39.983254,39.983254,39.983254,39.983254,39.983254,39.983254,39.983254,39.983254,39.983254,39.983254,39.983254
"ECU",14.464739,16.354684,17.893008,18.973267,19.54939,19.810437,19.75566,19.42287,18.913106,18.319238,18.319238,18.319238,18.319238,18.319238,18.319238,18.319238,18.319238,18.319238,18.319238,18.319238
"EGY",81.121077,94.809938,106.497969,116.232003,123.451644,127.730393,129.251105,128.440901,126.276996,123.227316,123.227316,123.227316,123.227316,123.227316,123.227316,123.227316,123.227316,123.227316,123.227316,123.227316
"ERI",5.253676,6.848254,8.394403,10.032701,11.567912,12.859289,13.933993,14.738584,15.244932,15.495786,15.75076778,16.00994526,16.27338749,16.54116463,16.81334802,17.09001017,17.37122477,17.65706673,17.94761219,18.24293855
"ESP",46.076989,48.661277,49.998071,50.937767,51.353635,49.856601,47.738213,46.280329,45.531836,45.010763,45.010763,45.010763,45.010763,45.010763,45.010763,45.010763,45.010763,45.010763,45.010763,45.010763
"EST",1.34114,1.32948,1.296158,1.25788,1.232821,1.201049,1.167219,1.150032,1.146092,1.144681,1.144681,1.144681,1.144681,1.144681,1.144681,1.144681,1.144681,1.144681,1.144681,1.144681
"FIN",5.364546,5.52586,5.619448,5.619135,5.610851,5.635736,5.674355,5.722781,5.781215,5.841647,5.902710706,5.964412721,6.026759717,6.089758436,6.153415692,6.217738368,6.282733419,6.348407874,6.414768835,6.481823479
"FJI",0.860623,0.922797,0.958253,0.991666,1.017284,1.032134,1.036523,1.032899,1.022269,1.004845,1.004845,1.004845,1.004845,1.004845,1.004845,1.004845,1.004845,1.004845,1.004845,1.004845
"FRA",62.787427,65.874337,68.466942,70.680517,72.44216,73.952842,75.554419,77.286724,78.886226,80.287658,81.71398676,83.16565458,84.64311162,86.14681602,87.67723408,89.23484036,90.82011789,92.43355823,94.07566171,95.74693754
"FSM",0.105681,0.10990824,0.11430457,0.118876752,0.123631822,0.128577095,0.133720179,0.139068986,0.144631746,0.150417016,0.156433696,0.162691044,0.169198686,0.175966633,0.183005299,0.190325511,0.197938531,0.205856072,0.214090315,0.222653928
"GAB",1.505463,1.818034,2.145528,2.467631,2.783767,3.071461,3.316382,3.512454,3.664984,3.775931,3.890236606,4.00800249,4.129333402,4.254337264,4.383125263,4.515811954,4.652515358,4.79335707,4.938462366,5.087960313
"GBR",62.03557,65.801945,69.314279,71.525039,72.817388,73.537784,74.09725,74.620435,75.081863,75.676046,76.27493125,76.87855595,77.48695762,78.10017407,78.71824338,79.34120398,79.96909456,80.60195414,81.23982205,81.88273792
"GEO",4.352244,4.079722,3.759689,3.45628,3.185945,2.958374,2.753529,2.577,2.452089,2.367024,2.367024,2.367024,2.367024,2.367024,2.367024,2.367024,2.367024,2.367024,2.367024,2.367024
"GHA",24.391823,30.324996,36.5374,42.940982,49.10674,54.647953,59.371391,63.077459,65.685964,67.230301,68.81094677,70.42875497,72.08459932,73.77937408,75.51399454,77.28939751,79.10654183,80.96640887,82.87000309,84.81835254
"GIN",9.98159,12.765081,15.945604,19.414264,23.006011,26.533422,29.813621,32.66384,34.962733,36.663664,38.447345,40.31780178,42.27925597,44.33613456,46.49307995,48.75496036,51.12688087,53.61419491,56.22251635,58.95773219
"GLP",0.4,0.416,0.43264,0.4499456,0.467943424,0.486661161,0.506127607,0.526372712,0.54742762,0.569324725,0.592097714,0.615781623,0.640412887,0.666029403,0.692670579,0.720377402,0.749192498,0.779160198,0.810326606,0.84273967
"GMB",1.728394,2.242102,2.817867,3.427274,4.036275,4.611863,5.122667,5.543952,5.864625,6.083984,6.31154785,6.547623443,6.79252915,7.04659525,7.310164377,7.583591978,7.867246799,8.161511375,8.466782552,8.783472017
"GNB",1.515224,1.86329,2.262638,2.705848,3.185172,3.682001,4.178121,4.660169,5.112026,5.518389,5.957054435,6.430590077,6.941767812,7.493579871,8.08925634,8.73228407,9.426427088,10.17574863,10.98463492,11.85782085
"GNQ",0.700401,0.905012,1.101505,1.298391,1.492645,1.663617,1.807822,1.923121,2.005111,2.054226,2.104544067,2.156094671,2.208908001,2.263014989,2.318447322,2.375237465,2.433418677,2.493025032,2.554091439,2.616653662
"GRC",11.359346,11.569033,11.62142,11.660985,11.646763,11.475521,11.277179,11.188502,11.16155,11.1085,11.1085,11.1085,11.1085,11.1085,11.1085,11.1085,11.1085,11.1085,11.1085,11.1085
"GRD",0.104487,0.108127,0.107563,0.102819,0.094921,0.089907,0.085786,0.081259,0.077619,0.07518,0.07518,0.07518,0.07518,0.07518,0.07518,0.07518,0.07518,0.07518,0.07518,0.07518
"GTM",14.388929,18.382163,22.725553,27.192297,31.594785,35.765404,39.422234,42.377002,44.569343,46.036067,47.55105914,49.11590787,50.7322539,52.40179196,54.12627253,55.9075037,57.74735306,59.64774968,61.61068609,63.63822039
"GUY",0.754493,0.773172,0.794743,0.790578,0.766143,0.768297,0.758939,0.739087,0.714934,0.693465,0.693465,0.693465,0.693465,0.693465,0.693465,0.693465,0.693465,0.693465,0.693465,0.693465
"GYF",0.25,0.26,0.2704,0.281216,0.29246464,0.304163226,0.316329755,0.328982945,0.342142263,0.355827953,0.370061071,0.384863514,0.400258055,0.416268377,0.432919112,0.450235876,0.468245311,0.486975124,0.506454129,0.526712294
"HKG",7.053189,7.803144,8.482956,8.947243,9.305325,9.567076,9.73834,9.892424,10.105249,10.35548,10.61190734,10.87468446,11.14396858,11.41992085,11.70270639,11.99249439,12.28945826,12.59377569,12.90562878,13.22520412
"HND",7.600524,9.178731,10.656972,11.933636,12.938753,13.682023,14.108941,14.219713,14.082663,13.788784,13.788784,13.788784,13.788784,13.788784,13.788784,13.788784,13.788784,13.788784,13.788784,13.788784
"HRV",4.40333,4.311246,4.185278,4.024073,3.858902,3.699071,3.55033,3.435064,3.361096,3.31701,3.31701,3.31701,3.31701,3.31701,3.31701,3.31701,3.31701,3.31701,3.31701,3.31701
"HTI",9.993247,11.311185,12.528107,13.503872,14.178411,14.721754,15.004238,15.018881,14.851864,14.566009,14.566009,14.566009,14.566009,14.566009,14.566009,14.566009,14.566009,14.566009,14.566009,14.566009
"IDN",239.870937,262.569461,279.658936,290.22305,293.455578,290.256945,282.799442,273.362656,263.48237,254.17815,254.17815,254.17815,254.17815,254.17815,254.17815,254.17815,254.17815,254.17815,254.17815,254.17815
"IND",1224.614327,1386.909072,1523.482335,1627.029386,1692.007631,1717.9688,1708.200393,1670.461509,1614.97423,1550.899337,1550.899337,1550.899337,1550.899337,1550.899337,1550.899337,1550.899337,1550.899337,1550.899337,1550.899337,1550.899337
"IRL",4.4699,4.968032,5.35623,5.707234,6.037716,6.273861,6.455261,6.658139,6.870417,7.045809,7.225678509,7.410139831,7.59931019,7.793309799,7.992261943,8.196293053,8.405532788,8.620114116,8.840173401,9.065850488
"IRQ",31.671591,42.68429,55.256976,68.950081,83.357221,97.894639,111.940533,124.854165,136.098077,145.275556,155.0718984,165.528836,176.6909144,188.6056835,201.3238992,214.8997402,229.3910387,244.8595264,261.3710982,278.996092
"ISL",0.320136,0.357745,0.389985,0.41385,0.431005,0.443736,0.453785,0.46287,0.47159,0.480095,0.488753385,0.497567922,0.506541427,0.515676767,0.52497686,0.534444678,0.544083245,0.553895642,0.563885002,0.574054518
"ISR",7.4184,8.666465,9.816146,10.955079,12.029449,12.960848,13.762554,14.435357,14.957353,15.311846,15.67474057,16.04623584,16.42653563,16.81584863,17.21438844,17.62237374,18.0400284,18.46758157,18.90526787,19.35332744
"ITA",60.550848,61.29034,60.850507,60.18236,59.158108,57.399172,55.768153,55.137356,55.161049,55.618984,56.08072068,56.54629059,57.01572556,57.48905768,57.9663193,58.44754305,58.9327618,59.42200874,59.9153173,60.4127212
"JAM",2.741052,2.827975,2.842494,2.750629,2.569228,2.454284,2.378322,2.305403,2.229621,2.165762,2.165762,2.165762,2.165762,2.165762,2.165762,2.165762,2.165762,2.165762,2.165762,2.165762
"JOR",6.187227,7.365712,8.414929,9.289244,9.881728,10.191617,10.249024,10.103762,9.829656,9.494687,9.494687,9.494687,9.494687,9.494687,9.494687,9.494687,9.494687,9.494687,9.494687,9.494687
"JPN",126.53592,124.803628,120.217549,114.340034,108.548677,103.241312,98.12575,94.365146,92.345439,91.329789,91.329789,91.329789,91.329789,91.329789,91.329789,91.329789,91.329789,91.329789,91.329789,91.329789
"KEN",40.512682,52.563909,65.928221,80.975369,96.887193,112.54016,127.319357,140.52447,151.551182,160.009016,168.9388685,178.367082,188.3214694,198.8313955,209.9278641,221.6436093,234.0131918,247.0731014,260.861864,275.4201559
"KHM",14.138255,15.893014,17.362741,18.361038,18.964892,19.117534,18.78821,18.134946,17.392423,16.660936,16.660936,16.660936,16.660936,16.660936,16.660936,16.660936,16.660936,16.660936,16.660936,16.660936
"KIR",0.099546,0.115828,0.132178,0.145273,0.155721,0.164044,0.168314,0.168816,0.167459,0.164374,0.164374,0.164374,0.164374,0.164374,0.164374,0.164374,0.164374,0.164374,0.164374,0.164374
"KOR",48.183584,49.809727,50.335041,49.353734,47.049782,44.253748,41.61361,39.483423,38.039574,37.221235,37.221235,37.221235,37.221235,37.221235,37.221235,37.221235,37.221235,37.221235,37.221235,37.221235
"KWT",2.736732,3.394217,4.012089,4.633113,5.163994,5.559047,5.84473,6.072184,6.258508,6.37062,6.484740322,6.600904943,6.719150482,6.839514217,6.962034092,7.086748731,7.21369745,7.34292027,7.474457927,7.608351888
"LBN",4.227597,4.516091,4.700974,4.749348,4.677987,4.508442,4.269991,4.015352,3.787724,3.61217,3.61217,3.61217,3.61217,3.61217,3.61217,3.61217,3.61217,3.61217,3.61217,3.61217
"LBR",3.994122,5.166102,6.532817,8.064668,9.660352,11.271451,12.839627,14.279926,15.524015,16.534577,17.61092324,18.75733606,19.97837656,21.27890276,22.66408891,24.13944609,25.71084414,27.384535,29.1671776,31.06586434
"LBY",6.355112,7.082535,7.7829,8.359938,8.773331,8.892874,8.804202,8.643086,8.395336,8.073008,8.073008,8.073008,8.073008,8.073008,8.073008,8.073008,8.073008,8.073008,8.073008,8.073008
"LKA",20.859949,22.343623,23.094473,23.432924,23.192808,22.551854,21.836617,21.108788,20.450911,19.888432,19.888432,19.888432,19.888432,19.888432,19.888432,19.888432,19.888432,19.888432,19.888432,19.888432
"LTU",3.323611,3.18992,3.067621,2.930591,2.812659,2.704982,2.592363,2.507835,2.471255,2.452531,2.452531,2.452531,2.452531,2.452531,2.452531,2.452531,2.452531,2.452531,2.452531,2.452531
"LVA",2.25206,2.168864,2.073405,1.976504,1.902467,1.823091,1.738797,1.684703,1.662837,1.649538,1.649538,1.649538,1.649538,1.649538,1.649538,1.649538,1.649538,1.649538,1.649538,1.649538
"MAC",0.543656,0.654407,0.742303,0.79685,0.82443,0.830503,0.821443,0.808403,0.803462,0.810426,0.81745036,0.824535604,0.83168226,0.838890859,0.846161938,0.853496039,0.860893709,0.868355498,0.875881962,0.883473661
"MAR",31.951412,35.077821,37.501586,38.80575,39.199971,38.750318,37.516009,35.947908,34.436664,33.068165,33.068165,33.068165,33.068165,33.068165,33.068165,33.068165,33.068165,33.068165,33.068165,33.068165
"MCO",0.030508,0.03172832,0.032997453,0.034317351,0.035690045,0.037117647,0.038602353,0.040146447,0.041752305,0.043422397,0.045159293,0.046965664,0.048844291,0.050798063,0.052829985,0.054943184,0.057140912,0.059426548,0.06180361,0.064275755
"MDG",20.713819,27.365838,35.333076,44.132032,53.561173,63.178813,72.472034,80.989158,88.295978,94.222345,100.5464858,107.2950987,114.496674,122.1816141,130.3823624,139.1335394,148.4720895,158.4374369,169.0716517,180.4196279
"MDV",0.315885,0.356029,0.383231,0.398413,0.405237,0.39858,0.378818,0.34994,0.320973,0.299545,0.299545,0.299545,0.299545,0.299545,0.299545,0.299545,0.299545,0.299545,0.299545,0.299545
"MEX",113.423047,125.927829,135.398031,141.523297,143.924837,142.774662,140.174856,136.420918,131.834955,127.08145,127.08145,127.08145,127.08145,127.08145,127.08145,127.08145,127.08145,127.08145,127.08145,127.08145
"MHL",0.070983,0.07382232,0.076775213,0.079846221,0.08304007,0.086361673,0.08981614,0.093408785,0.097145137,0.101030942,0.10507218,0.109275067,0.11364607,0.118191913,0.122919589,0.127836373,0.132949828,0.138267821,0.143798534,0.149550475
"MLT",0.416515,0.427706,0.430652,0.424299,0.415034,0.407443,0.399374,0.391454,0.389121,0.394285,0.399517531,0.404819503,0.410191837,0.415635466,0.421151338,0.426740411,0.432403656,0.438142057,0.443956612,0.449848332
"MMR",47.963012,51.687782,54.3308,55.410022,55.295866,54.223252,52.400998,50.349965,48.503621,46.941148,46.941148,46.941148,46.941148,46.941148,46.941148,46.941148,46.941148,46.941148,46.941148,46.941148
"MNE",0.63149,0.635906,0.632543,0.621232,0.60361,0.582507,0.558515,0.534636,0.514721,0.499201,0.499201,0.499201,0.499201,0.499201,0.499201,0.499201,0.499201,0.499201,0.499201,0.499201
"MOZ",23.390765,29.177268,35.906545,43.020685,50.191707,57.280451,63.743409,69.33505,73.891655,77.347349,80.96465558,84.75113288,88.71469252,92.86361611,97.20657258,101.7526363,106.5113059,111.4925244,116.7066998,122.1647267
"MRT",3.459773,4.298114,5.199643,6.146278,7.0847,7.975749,8.788545,9.483997,10.03396,10.434362,10.85074192,11.28373734,11.73401131,12.20225332,12.68918038,13.19553811,13.72210188,14.26967802,14.839105,15.4312548
"MTQ",0.38,0.3952,0.411008,0.42744832,0.444546253,0.462328103,0.480821227,0.500054076,0.520056239,0.540858489,0.562492828,0.584992541,0.608392243,0.632727933,0.65803705,0.684358532,0.711732873,0.740202188,0.769810276,0.800602687
"MUS",1.299172,1.361465,1.394492,1.394919,1.366915,1.323385,1.274906,1.226998,1.185598,1.156751,1.156751,1.156751,1.156751,1.156751,1.156751,1.156751,1.156751,1.156751,1.156751,1.156751
"MYS",28.401017,32.985544,37.265632,40.799652,43.454751,45.437418,46.701332,47.239257,47.247076,46.945953,46.945953,46.945953,46.945953,46.945953,46.945953,46.945953,46.945953,46.945953,46.945953,46.945953
"NAM",2.283289,2.671995,3.042334,3.353627,3.599432,3.7702,3.854319,3.86027,3.811516,3.728459,3.728459,3.728459,3.728459,3.728459,3.728459,3.728459,3.728459,3.728459,3.728459,3.728459
"NCL",0.26784,0.2785536,0.289695744,0.301283574,0.313334917,0.325868313,0.338903046,0.352459168,0.366557534,0.381219836,0.396468629,0.412327374,0.428820469,0.445973288,0.46381222,0.482364709,0.501659297,0.521725669,0.542594695,0.564298483
"NGA",158.423182,203.868897,257.81481,320.341187,389.614656,462.1029,535.498117,606.865493,672.52182,729.885435,792.1419534,859.7087218,933.0386847,1012.623421,1098.996441,1192.736758,1294.472776,1404.886499,1524.718103,1654.770897
"NIC",5.788163,6.602877,7.239865,7.661275,7.845543,7.953592,7.938282,7.78254,7.53645,7.260845,7.260845,7.260845,7.260845,7.260845,7.260845,7.260845,7.260845,7.260845,7.260845,7.260845
"NLD",16.612988,17.039498,17.31084,17.344211,17.151142,16.983981,17.000888,17.112215,17.229594,17.381251,17.5342429,17.68858146,17.84427852,18.00134605,18.15979611,18.31964086,18.48089259,18.64356367,18.80766661,18.973214
"NOR",4.883111,5.230052,5.574094,5.841453,6.063492,6.269099,6.46133,6.651864,6.822676,6.964166,7.108590248,7.256009594,7.406486151,7.560083321,7.716865819,7.876899704,8.040252403,8.206992743,8.377190976,8.550918814
"NRU",0.010134,0.01053936,0.010960934,0.011399372,0.011855347,0.012329561,0.012822743,0.013335653,0.013869079,0.014423842,0.015000796,0.015600827,0.016224861,0.016873855,0.017548809,0.018250761,0.018980792,0.019740024,0.020529625,0.02135081
"NZL",4.368136,4.824223,5.210754,5.483441,5.677801,5.827112,5.960733,6.093398,6.212499,6.323442,6.436366224,6.551307051,6.668300496,6.787383213,6.908592513,7.031966373,7.157543447,7.28536308,7.41546532,7.54789093
"OMN",2.782435,3.289964,3.602727,3.749317,3.739585,3.611043,3.430226,3.248604,3.051505,2.839368,2.839368,2.839368,2.839368,2.839368,2.839368,2.839368,2.839368,2.839368,2.839368,2.839368
"PAK",173.593383,205.364462,234.432014,257.777902,274.875396,283.959432,285.191258,280.414852,271.821514,261.270532,261.270532,261.270532,261.270532,261.270532,261.270532,261.270532,261.270532,261.270532,261.270532,261.270532
"PAN",3.51682,4.038009,4.50154,4.869788,5.127706,5.271127,5.326996,5.31995,5.261516,5.170454,5.170454,5.170454,5.170454,5.170454,5.170454,5.170454,5.170454,5.170454,5.170454,5.170454
"PER",29.076512,32.434902,35.491535,37.668225,38.832436,39.292812,39.07578,38.296869,37.162279,35.910704,35.910704,35.910704,35.910704,35.910704,35.910704,35.910704,35.910704,35.910704,35.910704,35.910704
"PHL",93.260798,109.7417,126.320712,141.675245,154.938579,165.506964,172.893227,177.081631,178.485197,177.803317,177.803317,177.803317,177.803317,177.803317,177.803317,177.803317,177.803317,177.803317,177.803317,177.803317
"PLW",0.02,0.0208,0.021632,0.02249728,0.023397171,0.024333058,0.02530638,0.026318636,0.027371381,0.028466236,0.029604886,0.030789081,0.032020644,0.03330147,0.034633529,0.03601887,0.037459625,0.03895801,0.04051633,0.042136984
"PNG",6.858266,8.463812,10.184988,11.918525,13.549364,15.007767,16.224495,17.150019,17.76967,18.112632,18.46221331,18.81854168,19.18174734,19.55196302,19.92932401,20.31396823,20.70603624,21.10567133,21.51301954,21.92822974
"POL",38.27666,38.374741,37.834926,36.372464,34.905868,33.553719,31.873705,30.458658,29.810289,29.453612,29.453612,29.453612,29.453612,29.453612,29.453612,29.453612,29.453612,29.453612,29.453612,29.453612
"PRI",3.749009,3.747304,3.753534,3.726037,3.657439,3.561287,3.43401,3.290503,3.147632,3.0242,3.0242,3.0242,3.0242,3.0242,3.0242,3.0242,3.0242,3.0242,3.0242,3.0242
"PRK",24.346229,25.355354,26.180166,26.444855,26.381631,26.161175,25.764258,25.334033,24.924742,24.552338,24.552338,24.552338,24.552338,24.552338,24.552338,24.552338,24.552338,24.552338,24.552338,24.552338
"PRT",10.675572,10.623191,10.309201,9.917503,9.378684,8.676315,7.994099,7.446725,7.044813,6.753632,6.753632,6.753632,6.753632,6.753632,6.753632,6.753632,6.753632,6.753632,6.753632,6.753632
"PYF",0.280026,0.29122704,0.302876122,0.314991166,0.327590813,0.340694446,0.354322223,0.368495112,0.383234917,0.398564314,0.414506886,0.431087162,0.448330648,0.466263874,0.484914429,0.504311006,0.524483446,0.545462784,0.567281296,0.589972547
"QAT",1.758793,2.198666,2.370905,2.523783,2.611601,2.59686,2.507417,2.387501,2.275095,2.162322,2.162322,2.162322,2.162322,2.162322,2.162322,2.162322,2.162322,2.162322,2.162322,2.162322
"REU",0.840974,0.87461296,0.909597478,0.945981378,0.983820633,1.023173458,1.064100396,1.106664412,1.150930989,1.196968228,1.244846957,1.294640836,1.346426469,1.400283528,1.456294869,1.514546664,1.57512853,1.638133671,1.703659018,1.771805379
"ROU",21.486371,20.969678,20.29063,19.458138,18.534956,17.430174,16.345455,15.567695,15.111365,14.838941,14.838941,14.838941,14.838941,14.838941,14.838941,14.838941,14.838941,14.838941,14.838941,14.838941
"RUS",142.958164,141.02197,136.429151,131.279651,126.188341,120.761349,116.247879,113.329574,111.785005,111.057451,111.057451,111.057451,111.057451,111.057451,111.057451,111.057451,111.057451,111.057451,111.057451,111.057451
"SAU",27.448086,33.535044,38.481078,42.18332,44.93769,46.291134,46.213689,45.291472,44.012973,42.427274,42.427274,42.427274,42.427274,42.427274,42.427274,42.427274,42.427274,42.427274,42.427274,42.427274
"SDN",43.551941,54.919306,66.856417,79.055628,90.9616,102.055432,111.525257,119.024817,124.36027,127.620961,130.9671464,134.4010678,137.9250257,141.5413807,145.2525556,149.0610364,152.9693745,156.9801881,161.0961641,165.3200598
"SEN",12.433728,15.997622,19.963185,24.268608,28.606957,32.761688,36.557829,39.76836,42.275753,44.074588,45.9499635,47.90513631,49.94350179,52.06859982,54.28412084,56.59391238,59.00198564,61.51252252,64.12988284,66.85861195
"SGP",5.086418,5.596754,5.978458,6.144768,6.105946,6.006127,5.886725,5.757996,5.680539,5.659392,5.659392,5.659392,5.659392,5.659392,5.659392,5.659392,5.659392,5.659392,5.659392,5.659392
"SLB",0.538148,0.684041,0.841161,1.004916,1.162515,1.304919,1.426435,1.522356,1.590078,1.629871,1.670659852,1.712469479,1.755325426,1.799253877,1.844281674,1.890436329,1.937746041,1.986239718,2.035946988,2.086898224
"SLE",5.867536,7.178034,8.531598,9.872389,11.088208,12.143673,12.995032,13.604387,13.977856,14.153773,14.33190399,14.51227682,14.69491973,14.87986127,15.06713037,15.25675633,15.44876881,15.64319785,15.84007385,16.03942762
"SLV",6.192993,6.61033,7.092623,7.438052,7.607108,7.667396,7.594192,7.389146,7.09251,6.783031,6.783031,6.783031,6.783031,6.783031,6.783031,6.783031,6.783031,6.783031,6.783031,6.783031
"SOM",9.330872,12.237223,16.359849,21.668851,28.217081,35.954398,44.651787,54.003694,63.596229,72.976499,83.74033319,96.09180352,110.265082,126.5288803,145.1915443,166.6069004,191.180963,219.3796326,251.7375289,288.8681266
"STP",0.165397,0.199765,0.23463,0.268618,0.298618,0.323775,0.341685,0.352391,0.356861,0.356185,0.356185,0.356185,0.356185,0.356185,0.356185,0.356185,0.356185,0.356185,0.356185,0.356185
"SUR",0.524636,0.568758,0.601679,0.616608,0.613801,0.610532,0.600714,0.585762,0.568414,0.551373,0.551373,0.551373,0.551373,0.551373,0.551373,0.551373,0.551373,0.551373,0.551373,0.551373
"SVN",2.02968,2.066004,2.059279,2.028944,1.993561,1.946388,1.898102,1.868481,1.856083,1.846372,1.846372,1.846372,1.846372,1.846372,1.846372,1.846372,1.846372,1.846372,1.846372,1.846372
"SWE",9.379687,9.923586,10.379451,10.65622,10.915885,11.138128,11.315823,11.510605,11.692436,11.859475,12.02890033,12.20074609,12.37504684,12.55183767,12.73115414,12.91303235,13.09750888,13.28462085,13.47440592,13.66690228
"SYC",0.086518,0.089841,0.092431,0.093273,0.091324,0.087711,0.083601,0.079598,0.076039,0.072922,0.072922,0.072922,0.072922,0.072922,0.072922,0.072922,0.072922,0.072922,0.072922,0.072922
"SYR",20.410606,24.079119,27.859412,30.921425,33.051312,34.464404,35.01646,34.701145,33.7849,32.623493,32.623493,32.623493,32.623493,32.623493,32.623493,32.623493,32.623493,32.623493,32.623493,32.623493
"TGO",6.027798,7.342518,8.684298,9.969991,11.130448,12.089147,12.800016,13.26557,13.507903,13.558407,13.60909983,13.65998219,13.71105479,13.76231834,13.81377356,13.86542117,13.91726187,13.9692964,14.02152548,14.07394984
"THA",69.122234,72.090999,73.321394,72.994033,71.03671,68.261936,65.340268,62.547492,60.092722,58.165506,58.165506,58.165506,58.165506,58.165506,58.165506,58.165506,58.165506,58.165506,58.165506,58.165506
"TLS",1.201542,1.24960368,1.299587827,1.35157134,1.405634194,1.461859562,1.520333944,1.581147302,1.644393194,1.710168922,1.778575679,1.849718706,1.923707454,2.000655752,2.080681982,2.163909261,2.250465632,2.340484257,2.434103628,2.531467773
"TON",0.104058,0.110881,0.12054,0.131031,0.138176,0.14938,0.163941,0.176366,0.185557,0.193252,0.20126611,0.209612562,0.21830514,0.227358197,0.236786682,0.246606163,0.256832856,0.267483647,0.278576123,0.290128602
"TTO",1.341465,1.372817,1.354311,1.329033,1.288356,1.230482,1.167007,1.108365,1.064017,1.031314,1.031314,1.031314,1.031314,1.031314,1.031314,1.031314,1.031314,1.031314,1.031314,1.031314
"TUN",10.480934,11.51823,12.212398,12.532759,12.648966,12.474644,12.018241,11.550835,11.208331,10.891401,10.891401,10.891401,10.891401,10.891401,10.891401,10.891401,10.891401,10.891401,10.891401,10.891401
"TUR",72.752325,80.75289,86.665132,90.30157,91.616772,90.800304,88.477803,85.426068,82.226946,79.200061,79.200061,79.200061,79.200061,79.200061,79.200061,79.200061,79.200061,79.200061,79.200061,79.200061
"TUV",0.010782,0.01121328,0.011661811,0.012128284,0.012613415,0.013117952,0.01364267,0.014188376,0.014755912,0.015346148,0.015959994,0.016598394,0.017262329,0.017952823,0.018670935,0.019417773,0.020194484,0.021002263,0.021842354,0.022716048
"TWN",23.162123,23.96432961,24.05558311,23.50008022,22.37243516,20.92078778,19.44204261,18.09909464,17.00111659,16.24987651,16.24987651,16.24987651,16.24987651,16.24987651,16.24987651,16.24987651,16.24987651,16.24987651,16.24987651,16.24987651
"TZA",44.841226,61.080809,81.852016,107.737069,138.31214,172.232145,208.563118,245.779732,282.218517,316.337831,354.5820607,397.4498951,445.5003134,499.3598731,559.730881,627.4005502,703.2512654,788.272089,883.5716576,990.3926386
"UKR",45.448329,43.04655,40.515498,38.10035,36.074469,34.086038,32.356625,31.210464,30.575598,30.253908,30.253908,30.253908,30.253908,30.253908,30.253908,30.253908,30.253908,30.253908,30.253908,30.253908
"URY",3.368786,3.494787,3.601297,3.659035,3.663253,3.642578,3.598593,3.535748,3.463952,3.396276,3.396276,3.396276,3.396276,3.396276,3.396276,3.396276,3.396276,3.396276,3.396276,3.396276
"USA",310.383948,337.101833,361.679889,383.460475,403.100526,421.049898,438.301859,453.967847,467.214541,478.025832,489.087295,500.4047191,511.984027,523.8312788,535.9526746,548.3545581,561.0434198,574.0259004,587.308794,600.8990523
"VCT",0.109333,0.109647,0.110781,0.11262,0.112659,0.110914,0.107974,0.104086,0.099772,0.095679,0.095679,0.095679,0.095679,0.095679,0.095679,0.095679,0.095679,0.095679,0.095679,0.095679
"VEN",28.979857,33.339611,37.040292,39.896133,41.820642,42.814299,42.997902,42.529292,41.631991,40.507131,40.507131,40.507131,40.507131,40.507131,40.507131,40.507131,40.507131,40.507131,40.507131,40.507131
"VNM",87.848445,96.355053,101.483205,104.047161,103.962427,100.986529,96.391441,91.073764,86.184388,82.603603,82.603603,82.603603,82.603603,82.603603,82.603603,82.603603,82.603603,82.603603,82.603603,82.603603
"VUT",0.239651,0.302751,0.3714,0.442419,0.512562,0.57848,0.63687,0.6854,0.723319,0.750732,0.779183923,0.808714142,0.839363525,0.871174486,0.904191047,0.9384589,0.974025467,1.010939969,1.049253489,1.08901905
"WLF",0.015561,0.01618344,0.016830778,0.017504009,0.018204169,0.018932336,0.019689629,0.020477214,0.021296303,0.022148155,0.023034081,0.023955445,0.024913662,0.025910209,0.026946617,0.028024482,0.029145461,0.03031128,0.031523731,0.03278468
"WSM",0.183081,0.191373,0.200406,0.212688,0.218965,0.236274,0.260093,0.281799,0.298976,0.312955,0.327587606,0.342904377,0.358937304,0.375719871,0.393287127,0.411675763,0.430924182,0.451072586,0.472163054,0.494239633
"YEM",24.052514,32.231514,41.341581,51.256063,61.576664,71.418293,80.333648,88.001858,94.24282,99.032181,104.0649343,109.353449,114.9107227,120.7504136,126.8868738,133.3351852,140.1111956,147.2315587,154.7137742,162.5762312
"ZAF",50.132817,52.573259,54.711498,56.040215,56.757058,57.120401,57.075821,56.532745,55.595287,54.47739,54.47739,54.47739,54.47739,54.47739,54.47739,54.47739,54.47739,54.47739,54.47739,54.47739
